<keymap version="1" name="Default コピー" parent="Mac OS X 10.5+">
  <action id="ActivateRunToolWindow">
    <keyboard-shortcut first-keystroke="ctrl 4" />
  </action>
  <action id="CIDR.Lang.ImportsHierarchy">
    <keyboard-shortcut first-keystroke="shift alt h" />
  </action>
  <action id="Debug">
    <keyboard-shortcut first-keystroke="alt d" second-keystroke="alt d" />
  </action>
  <action id="EditorBackSpace">
    <keyboard-shortcut first-keystroke="back_space" />
    <keyboard-shortcut first-keystroke="shift back_space" />
    <keyboard-shortcut first-keystroke="ctrl h" />
  </action>
  <action id="EditorDelete">
    <keyboard-shortcut first-keystroke="delete" />
    <keyboard-shortcut first-keystroke="ctrl d" />
  </action>
  <action id="EditorDeleteLine">
    <keyboard-shortcut first-keystroke="ctrl meta h" />
  </action>
  <action id="EditorNextWord">
    <keyboard-shortcut first-keystroke="ctrl alt n" />
  </action>
  <action id="EditorPreviousWord">
    <keyboard-shortcut first-keystroke="ctrl alt p" />
  </action>
  <action id="GotoBookmark4" />
  <action id="GotoLine" />
  <action id="MoveLineDown">
    <keyboard-shortcut first-keystroke="ctrl meta n" />
  </action>
  <action id="MoveLineUp">
    <keyboard-shortcut first-keystroke="ctrl meta p" />
  </action>
  <action id="NewElementSamePlace" />
  <action id="NewScratchFile" />
  <action id="ReformatCode">
    <keyboard-shortcut first-keystroke="meta alt l" />
    <keyboard-shortcut first-keystroke="meta l" />
  </action>
  <action id="TypeHierarchy">
    <keyboard-shortcut first-keystroke="shift ctrl h" />
  </action>
  <action id="Vcs.Log.FocusTextFilter" />
</keymap>