<application>
  <component name="CodeInsightSettings">
    <option name="PARAMETER_INFO_DELAY" value="300" />
    <option name="AUTO_POPUP_JAVADOC_INFO" value="true" />
    <option name="JAVADOC_INFO_DELAY" value="300" />
    <option name="COMPLETION_CASE_SENSITIVE" value="2" />
    <option name="SHOW_FULL_SIGNATURES_IN_PARAMETER_INFO" value="true" />
    <option name="HIGHLIGHT_SCOPE" value="true" />
  </component>
  <component name="DefaultFont">
    <option name="FONT_SIZE" value="12" />
  </component>
  <component name="EditorSettings">
    <option name="USE_SOFT_WRAPS" value="" />
    <option name="IS_WHEEL_FONTCHANGE_ENABLED" value="true" />
  </component>
</application>